{"cameraMode":{"drawMode":0,"name":"Shaded","section":"Shading Mode"},"sceneLighting":true,"audioPlay":false,"sceneViewState":{"m_AlwaysRefresh":false,"showFog":true,"showSkybox":true,"showFlares":true,"showImageEffects":true,"showParticleSystems":true,"showVisualEffectGraphs":true,"m_FxEnabled":true},"in2DMode":false,"pivot":{"x":2.0225112438201906,"y":6.307243824005127,"z":-9.033302307128907},"rotation":{"x":0.23568251729011537,"y":0.13535170257091523,"z":-0.03316832706332207,"w":0.9617919325828552},"size":4.668336391448975,"orthographic":false}